model,predictors,N,k_params,RMSE,R2,AIC,BIC
S0_intercept,intercept_only,32,1,0.4206429105114948,0.0,-53.422143921845944,-51.956408019046215
S1_mass_only,logMstar,32,2,0.41793395954,0.012838576605803453,-51.835638430109306,-48.904166624509855
S2_mass_step_10,mass_high_10,32,2,0.419408345210866,0.005861283178693388,-51.61025681516285,-48.6787850095634
S3_logD_reg,logD_reg,32,2,0.4201885488786635,0.002159153190794072,-51.49131152257459,-48.55983971697514
S4_Gsat,G_sat,32,2,0.39844981769234106,0.10273626017016335,-54.89111786755889,-51.95964606195944
S5_capacity_state,"G_absorb,G_sat,G_overflow",32,4,0.3919480134607593,0.13177999621877967,-51.944068269367534,-46.081124658168626
S6_capacity_controls,"G_sat,G_overflow,logsSFR,metallicity",32,5,0.3780313373348329,0.1923402172099945,-52.25780376298303,-44.929124248984394
S7_kitchen_sink,"logMstar,Reff_kpc,stellar_age_Gyr,sigma_v_km_s,logsSFR,metallicity",32,7,0.2408743676372126,0.6720904784196549,-77.10270576158015,-66.84255444198206
