well_regime,N,unique_SNIDs,mean_logMstar,mean_Reff,mean_age,mean_sigma,mean_Ffill,mean_Gsat,mean_Goverflow,mean_mu_resid,std_mu_resid,mean_H0
filling/absorbing,14,10,8.675,5.528571428571429,3.107142857142857,96.64285714285714,0.20706828459514057,0.007094475201118539,0.0,0.27227819359308975,0.4859108554697301,60.96404540779503
near-capacity/saturated,5,2,10.2252,3.3200000000000003,4.0,140.0,0.8907520424321573,0.30991776897796985,0.0,0.1710474423928158,0.38393066383216096,63.018236154038526
overflowing,13,8,11.325492307692308,4.6230769230769235,7.461538461538462,154.69230769230768,10.844979052741568,0.9953112500245792,0.7511047808368603,-0.049554128564926324,0.3282155751821179,69.63919214411236
