well_regime,N,unique_SNIDs,mean_logMstar,mean_age,mean_Reff,mean_sigma,mean_Ffill,mean_Gsat,mean_Goverflow,mean_mu,std_mu,mean_H0
filling/absorbing,27,15,9.252111111111113,3.314814814814815,4.774074074074075,97.51851851851852,0.2963128155867175,0.01553615398763634,0.0,0.20216447145926483,0.4006794234459855,62.46199552727925
near-capacity/saturated,10,4,9.9938,5.8,3.31,146.0,0.9866141367711989,0.4721823725200653,0.024329757074648455,0.1478661611900588,0.282824710696503,63.41208248044288
overflowing,20,11,11.00742,7.05,4.455,146.05,7.610388491556729,0.9775589714461524,0.6097548694866298,-0.030070580615320495,0.28703164588383484,68.88032737941218
