model,predictors,N,k,RMSE,R2,AIC,BIC
kitchen_sink,"logMstar,Reff_kpc,stellar_age_Gyr,sigma_v_km_s,logsSFR,metallicity",57,7,0.239432024452126,0.5394660136314904,-148.96137266861962,-134.66001379377775
G_sat,G_sat,57,2,0.3387626245800864,0.07809071643504673,-119.39994288585095,-115.31384035018185
intercept,intercept_only,57,1,0.3528185369859047,-4.440892098500626e-16,-116.76536116781398,-114.72230989997942
mass_step_10,mass_high_10,57,2,0.34893927106178196,0.021869256355532274,-116.02574135874794,-111.93963882307884
mass_only,logMstar,57,2,0.35238693960098955,0.002445072220086053,-114.90490094638058,-110.81879841071148
logD_reg,logD_reg,57,2,0.35266227077371265,0.0008856201702762689,-114.81586388393411,-110.72976134826501
capacity_state,"G_absorb,G_sat,G_overflow",57,4,0.33791156389857463,0.08271705431734178,-115.68670118253615,-107.51449611119796
capacity_controls,"G_sat,G_overflow,logsSFR,metallicity",57,5,0.3304181318692278,0.12294878739567727,-116.24318507445776,-106.027928735285
