Filter,N,filling_H0,saturated_H0,overflowing_H0
A: All 50 Active,50,,,65.1195008863987
B: Outlier Clipped,48,,,64.75300044695885
C: High Confidence,14,,,65.84542309497249
D: Calibrators,33,,,62.53625476679161
E: Hubble-flow,17,,,70.13403747151834
