mass_bin,high,low,delta
low_mass,56.49861779500359,67.12456743634363,-10.625949641340036
med_mass,68.37159265300603,64.2343690103107,4.137223642695332
high_mass,63.44984461669991,,
