Filter,N,Child_H0,Teen_H0,Adult_H0
A: All 50 Active,50,68.40765676605437,63.59310673103652,63.52828011356589
B: Outlier Clipped,48,65.93138970048925,64.56191339533915,63.52828011356589
C: High Confidence,14,66.72906540762959,64.5667436434635,68.37159265300603
D: Calibrators,33,64.57817765394752,61.70665916142394,61.48357083674017
E: Hubble-flow,17,74.79012195289911,68.93804151160553,65.98193124575674
