mass_bin,high_F,low_F,delta_H0
low_mass,,70.4281784492912,
med_mass,62.318292968806055,62.50252919175285,-0.18423622294679376
high_mass,64.91986218788837,68.12562306545482,-3.2057608775664477
