mass_bin,high_F,delta_H0
low_mass,70.4281784492912,
med_mass,62.41041108027945,
high_mass,65.56101436340165,
