{
    "input": "sparc_sfh_depth_catalog.csv",
    "depth_column": "D_hist_sfh",
    "sample_size": 135,
    "q": 4.0,
    "D_star": 436635115.1043696,
    "folds": [
        {
            "fold": 1,
            "n_train": 108,
            "n_test": 27,
            "rmse_baryon": 0.5078110080350713,
            "rmse_direct_positive": 0.5078110080350713,
            "rmse_one_term_negative_gate": 0.4495912659701591,
            "rmse_two_term_constrained": 0.4513735658291706,
            "A_direct": 0.0,
            "A_gate": -8.293963080394626,
            "A_D": 0.9044408809046754,
            "A_S": -10.428071322025014,
            "beats_baryon": true,
            "expected_signs": true,
            "accumulation_active": true,
            "saturation_active": true
        },
        {
            "fold": 2,
            "n_train": 108,
            "n_test": 27,
            "rmse_baryon": 0.4299035402711922,
            "rmse_direct_positive": 0.4299035402711922,
            "rmse_one_term_negative_gate": 0.3409285834990833,
            "rmse_two_term_constrained": 0.3403426739221573,
            "A_direct": 0.0,
            "A_gate": -8.377842493207151,
            "A_D": 0.3119995119277254,
            "A_S": -9.055713846460879,
            "beats_baryon": true,
            "expected_signs": true,
            "accumulation_active": true,
            "saturation_active": true
        },
        {
            "fold": 3,
            "n_train": 108,
            "n_test": 27,
            "rmse_baryon": 0.5830373173369272,
            "rmse_direct_positive": 0.5830373173369272,
            "rmse_one_term_negative_gate": 0.5409732851033809,
            "rmse_two_term_constrained": 0.5412590833672173,
            "A_direct": 0.0,
            "A_gate": -8.4099811389643,
            "A_D": 0.6293085621746092,
            "A_S": -9.892018525576658,
            "beats_baryon": true,
            "expected_signs": true,
            "accumulation_active": true,
            "saturation_active": true
        },
        {
            "fold": 4,
            "n_train": 108,
            "n_test": 27,
            "rmse_baryon": 0.9520679097480019,
            "rmse_direct_positive": 0.9520679097480019,
            "rmse_one_term_negative_gate": 0.9337185368612532,
            "rmse_two_term_constrained": 0.9336776946105222,
            "A_direct": 0.0,
            "A_gate": -8.45019912587104,
            "A_D": 0.47698704899183664,
            "A_S": -9.573890033247043,
            "beats_baryon": true,
            "expected_signs": true,
            "accumulation_active": true,
            "saturation_active": true
        },
        {
            "fold": 5,
            "n_train": 108,
            "n_test": 27,
            "rmse_baryon": 0.5416208265905709,
            "rmse_direct_positive": 0.5416208265905709,
            "rmse_one_term_negative_gate": 0.41217536706810187,
            "rmse_two_term_constrained": 0.41217536706810187,
            "A_direct": 0.0,
            "A_gate": -7.698811097160793,
            "A_D": 0.0,
            "A_S": -7.698811097160793,
            "beats_baryon": true,
            "expected_signs": true,
            "accumulation_active": false,
            "saturation_active": true
        }
    ],
    "mean_rmse": {
        "baryon_only": 0.6028881203963528,
        "direct_positive": 0.6028881203963528,
        "one_term_negative_gate": 0.5354774077003956,
        "two_term_constrained": 0.5357656769594339
    },
    "fold_counts": {
        "beats_baryon": 5,
        "expected_signs": 5,
        "accumulation_active": 4,
        "saturation_active": 5,
        "total_folds": 5
    }
}