model,predictors,N,k_params,RMSE,R2,AIC,BIC,coef_intercept,coef_logMstar,coef_logsSFR,coef_metallicity,coef_stellar_age_Gyr,coef_Reff_kpc,coef_logD_reg,coef_G_sat,coef_G_absorb,coef_G_overflow
A_mass_only,logMstar,9000,2,0.12489767570995029,0.12418775508126978,-37440.6884821674,-37426.47852245477,-0.09638776084980027,-0.04703143589999993,,,,,,,,
B_mass_sSFR,"logMstar,logsSFR",9000,3,0.11053908654390872,0.313984319208788,-39636.94973143412,-39615.634791865166,-0.09638776084980027,-0.03486713052503811,0.059401263193988474,,,,,,,
C_kitchen_sink,"logMstar,logsSFR,metallicity,stellar_age_Gyr,Reff_kpc",9000,6,0.10636022892202524,0.3648726324571765,-40324.624084998475,-40281.99420586057,-0.09638776084980027,-0.04674102532151756,0.025795273061723318,-0.00425074769773741,-0.03565420549844827,0.02078377736537789,,,,
D_logD_reg,logD_reg,9000,2,0.10738360404550748,0.35259171679403933,-40160.25987944061,-40146.04991972797,-0.09638776084980027,,,,,,-0.07924737814439908,,,
E_Gsat,G_sat,9000,2,0.1006493907817385,0.4312458205994093,-41326.01923556868,-41311.809275856045,-0.09638776084980027,,,,,,,-0.0876418022169136,,
F_capacity_state,"G_absorb,G_sat,G_overflow",9000,4,0.10064342505378639,0.43131324141781724,-41323.086169852686,-41294.66625042741,-0.09638776084980027,,,,,,,-0.042747529221544865,0.04274752922154489,-0.002410262850487106
G_capacity_controls,"G_sat,G_overflow,logsSFR,metallicity",9000,5,0.10052148738979234,0.4326904267969651,-41342.9078503242,-41307.38295104261,-0.09638776084980027,,0.007111422391113001,-0.0004309014566834317,,,,-0.08231149535427779,,-8.36815596201707e-06
