model,N,k_params,RSS,RMSE,R2,AIC,BIC,coef_intercept,se_intercept,t_intercept,coef_logMstar,se_logMstar,t_logMstar,coef_logsSFR,se_logsSFR,t_logsSFR,coef_logReff_kpc,se_logReff_kpc,t_logReff_kpc,coef_stellar_age_Gyr,se_stellar_age_Gyr,t_stellar_age_Gyr,coef_metallicity,se_metallicity,t_metallicity,coef_logD_reg_proxy,se_logD_reg_proxy,t_logD_reg_proxy
A_mass,2500,2,27.313995023135426,0.10452558542889952,0.16512222862415504,-11287.617004523418,-11275.968912501705,-0.05384938608555511,0.0020905117085779903,-25.758949765550266,-0.04648511721180171,0.0020905117085779903,-22.236238630503465,,,,,,,,,,,,,,,
B_mass_sSFR,2500,3,27.009666778346116,0.10394165051286441,0.17442430569348222,-11313.62795025339,-11296.155812220823,-0.053849386085555104,0.002078833010257288,-25.903661246407857,-0.036386073744706766,0.0028182064354915714,-12.91107467730981,0.014957338562257578,0.0028182064354915714,5.307396354606866,,,,,,,,,,,,
C_multivariate,2500,6,26.68089181851964,0.10330709911428089,0.1844736194431411,-11338.245909715688,-11303.30163365055,-0.05384938608555511,0.002066141982285618,-26.062771361910748,-0.03806003104905201,0.0035279272369201464,-10.788213161186999,0.008891921814487412,0.0031109570111262524,2.8582593017793876,0.011632297553139794,0.0023253747575607882,5.002332426340407,-0.006611450343620568,0.002913636418013681,-2.2691404812024576,-0.003949627274975091,0.003078775550690569,-1.2828565155031162,,,
D_flux_depth,2500,2,26.863471762854108,0.1036599667429121,0.17889289290003474,-11329.196435245909,-11317.548343224196,-0.05384938608555511,0.002073199334858242,-25.974051399759468,,,,,,,,,,,,,,,,-0.04838466106430292,0.0020731993348582422,-23.33816157991932
E_flux_depth_plus_controls,2500,4,26.712781111566983,0.1033688175642287,0.18349889341395476,-11339.259666675169,-11315.963482631743,-0.053849386085555104,0.002067376351284574,-26.0472100554384,,,,0.009732735932350491,0.0030098090995547746,3.233672173358172,,,,,,,-0.003261595900016389,0.0028973414485607986,-1.125720236265742,-0.03926509717940396,0.00328713315868681,-11.9450887091809
