fill_bin,N,mean_Ffill,mean_Gabsorb,mean_Gsat,mean_Goverflow,early_fraction,mean_mu_resid,std_mu_resid,mean_H0_proxy
"(0.0144, 0.212]",1286,0.13246566915135094,0.9999967228665999,3.2771334000539356e-06,0.0,0.0,0.0006086549489861761,0.10086787248792017,67.45382448061957
"(0.212, 0.387]",1286,0.29791821060404805,0.9996537653822795,0.0003462346177205789,0.0,0.003110419906687403,-0.012717102609799281,0.09989406732324946,67.867555399199
"(0.387, 0.644]",1285,0.5036141010828876,0.9880369289207082,0.01196307107929186,0.0,0.03501945525291829,-0.016306032321388556,0.10068368530610214,67.98106224915398
"(0.644, 1.164]",1286,0.881019101088041,0.6782339265730788,0.3217660734269212,0.012986801804504585,0.21850699844479005,-0.0663816649068115,0.10822967839755862,69.57844587656314
"(1.164, 1.998]",1285,1.5452834890399954,0.0762746709461272,0.9237253290538728,0.31788396462043145,0.6443579766536965,-0.1846671887371898,0.10318218702765976,73.46544207317199
"(1.998, 3.352]",1286,2.6093655310603396,0.002155300091599793,0.9978446999084002,0.6068838664810912,0.8926905132192846,-0.19512855907887502,0.10092207599457123,73.81650845506732
"(3.352, 17.683]",1286,5.201933858021775,4.721162874452957e-05,0.9999527883712556,0.7887198989841367,0.963452566096423,-0.200128807815343,0.099358714521642,73.98431473028457
