model,predictors,N,k_params,RMSE,R2,AIC,BIC,coef_intercept,coef_logMstar,coef_logsSFR,coef_metallicity,coef_stellar_age_Gyr,coef_Reff_kpc,coef_logD_MR_age,coef_logD_sigma_age,coef_logD_potential_only
A_mass_only,logMstar,7000,2,0.1110910037502985,0.1117620440885988,-30759.677839438602,-30745.970508582526,-0.0825626842854996,-0.03940591309801442,,,,,,,
B_mass_sSFR,"logMstar,logsSFR",7000,3,0.10518845988246474,0.203643115982461,-31522.02354282591,-31501.4625465418,-0.08256268428549958,-0.03167530856046314,0.03655627536169336,,,,,,
C_kitchen_sink,"logMstar,logsSFR,metallicity,stellar_age_Gyr,Reff_kpc",7000,6,0.1028084775279444,0.23927200031755502,-31836.42448390518,-31795.302491336955,-0.0825626842854996,-0.04352780022557313,0.01399662101601237,-0.006887986741389207,-0.019059454296514487,0.01998470727688329,,,
D_MR_age,logD_MR_age,7000,2,0.10328723804458796,0.2321703573216517,-31779.38034389479,-31765.673013038715,-0.0825626842854996,,,,,,-0.056795981886553576,,
E_sigma_age,logD_sigma_age,7000,2,0.10426097772299027,0.2176246978131534,-31648.013707270526,-31634.30637641445,-0.0825626842854996,,,,,,,-0.05498804984342717,
F_sigma_age_controls,"logD_sigma_age,logsSFR,metallicity",7000,4,0.10410673578159875,0.21993785132065102,-31664.740407559908,-31637.325745847756,-0.08256268428549961,,0.004751361239213836,-0.004457944845940472,,,,-0.049221786127817746,
G_potential_only,logD_potential_only,7000,2,0.10685304332253752,0.17823935663815804,-31304.211415986036,-31290.50408512996,-0.0825626842854996,,,,,,,,-0.049764085785323375
