well_regime,N,early_fraction,mean_logMstar,mean_age,mean_Reff,mean_sigma,mean_Dreg,mean_Ffill,mean_Gabsorb,mean_Gsat,mean_Goverflow,mean_mu_resid,mean_H0_proxy
filling/absorbing,4192,0.020276717557251907,10.220899098357329,2.1129595605678015,5.124260618297763,112.01369100913561,0.39314377610785733,0.34186415313726726,0.9902957700197681,0.009704229980231781,0.0,-0.010318209774593143,67.79439799952108
near-capacity/saturated,1112,0.2760791366906475,10.643079011472123,3.252482551934223,5.352871681491066,149.35621840625618,1.1318821171830382,0.9842453192895985,0.5365478659762379,0.46345213402376206,0.034361804848208714,-0.09181072602817725,70.39508121075735
overflowing,3696,0.8530844155844156,10.83031688421594,5.639719258462493,5.189623510601967,191.1948528570649,3.683065834668646,3.202665943190127,0.017930492011320184,0.9820695079886799,0.590291676692349,-0.1953848444074067,73.82531003054754
