D_bin,N,mean_logD,mean_logMstar,mean_mu_resid,std_mu_resid,mean_Gsat
"(-3.229, -1.056]",417,-1.574255295025042,8.633554963881219,0.010798175932216516,0.10237511100153303,2.9405210940160294e-06
"(-1.056, -0.398]",416,-0.6942699065955408,9.593424881172677,-0.0027731694608936924,0.10305041086592419,0.0021368733894545034
"(-0.398, -5.04e-09]",417,-0.1992606042202135,10.093899244186558,-0.024092645531108757,0.10124813444261238,0.08864712024849487
"(-5.04e-09, 0.32]",416,0.16179872894907932,10.404314123531597,-0.07692087008731792,0.10250881107968492,0.6257455288443761
"(0.32, 0.847]",417,0.5758380047568648,10.697338186629826,-0.10759779533546515,0.10153143275237891,0.9739314910381985
"(0.847, 2.385]",417,1.2523337547413467,11.167072836110579,-0.12244285439857243,0.10342751407543646,0.9998436929344727
