variable,pearson_r_with_mu_resid,N
logMstar,0.062308683782732015,100
logD_hybrid_raw,-0.009626410834064122,100
D_reg,-0.1321711817132946,100
F_fill,-0.13217118171329456,100
G_sat,-0.1760579280130054,100
G_overflow,-0.19101542656019005,100
Reff_kpc,-0.20855018580694556,100
stellar_age_Gyr,-0.11894117275680602,100
sigma_eff,-0.272183770585798,100
logsSFR,-0.909238713536899,3
metallicity,0.9473814972407497,3
