filter,N,unique_SNIDs,filling_H0,saturated_H0,overflowing_H0,adult_minus_child_H0,fixed_mass_positive_bins,fixed_mass_tested_bins
all_active,100,100,68.49919480714769,65.4239498864303,69.46932351788999,0.9701287107423013,5,6
outlier_clipped_45_90,96,96,66.38285828427844,66.03301803827375,68.03752746731851,1.6546691830400704,4,6
high_confidence_non_estimate,64,64,69.32126486450461,67.19629381397327,71.25231590016234,1.931051035657731,5,6
calibrators_only,42,42,62.110828226080656,63.537298299073974,65.4461815908637,3.335353364783046,5,6
hubble_flow_only,58,58,73.38441631031661,67.21626889441879,71.3851053879025,-1.9993109224141108,4,6
