well_regime,N,mean_logMstar,mean_age,mean_Reff,mean_sigma,mean_Ffill,mean_Gsat,mean_Goverflow,mean_mu,std_mu,mean_H0
filling/absorbing,30,8.897456333333334,3.2766666666666664,4.213333333333334,91.91666666666667,0.18908951241992067,0.0005994362038392807,0.0,-0.010060559791505079,0.3265582624664171,68.49919480714769
near-capacity/saturated,39,10.289534102564103,4.833333333333333,3.9461538461538463,104.05128205128206,0.8915042957645585,0.3596154113422059,0.05696830472014115,0.08470505805332433,0.30379622517446997,65.4239498864303
overflowing,31,10.961967741935483,6.854838709677419,3.7483870967741937,140.59677419354838,4.966391361612415,0.9935746908610399,0.6586670541083043,-0.045283262294053175,0.29323044072614596,69.46932351788999
