subset,N,mean_H0,highF_H0,lowF_H0,Adult_minus_Child_H0
HF: z < 0.025 (Local),8,80.68174226797456,82.55645778663232,67.55873363737015,14.997724149262169
HF: z >= 0.05 (High),7,66.9904461645247,70.59433531943576,,
