model,predictors,N,k,RMSE,R2,AIC,BIC,interpretation
intercept,intercept_only,100,1,0.308222116496921,0.0,-233.3869196920233,-230.7817495060352,Null model (current winner)
G_sat,G_sat,100,2,0.3034076277937236,0.0309963940162325,-234.5356142673051,-229.32527389532893,Saturation gate (outperforms mass)
mass_only,logMstar,100,2,0.3076232181761495,0.0038823720747364,-231.77591249644968,-226.5655721244735,Baseline mass step
mass_step_10,mass_step_10,100,2,0.3079053065840041,0.0020546682244799,-231.59259788713035,-226.38225751515415,Baseline mass step
logD_hybrid,logD_hybrid_raw,100,2,0.3082078350355594,9.26677855462854e-05,-231.3961868999704,-226.18584652799424,Proxy variant
capacity_state,"G_absorb,G_sat,G_overflow",100,4,0.3024729080306525,0.0369576919751674,-231.1527131502491,-220.73203240629672,Proxy variant
capacity_controls,"G_sat,G_overflow,logsSFR,metallicity",3,5,,,,,Proxy variant
kitchen_sink,"logMstar,Reff_kpc,stellar_age_Gyr,sigma_eff,logsSFR,metallicity",3,7,,,,,Proxy variant
