value_confidence,N,unique_SNIDs,mean_H0,mean_F_fill,mean_age,mean_Reff,mean_sigma,paper_use_status
catalogue,3,3,65.69798809555277,2.208347383181668,7.333333333333333,4.066666666666666,153.0,primary evidence tier
derived,61,61,69.32501366496432,1.5506601324237919,4.955737704918033,3.7737704918032784,113.19672131147541,usable with caution
estimate,36,36,64.83719780528666,1.1134665301063735,4.861111111111111,4.280555555555555,105.0,sensitivity / limitation tier
